File_Name,Index
7500305D_segment0_3sec.wav,1
9400807V_segment0_3sec.wav,1
7200500H_segment0_3sec.wav,1
7200703B_segment0_3sec.wav,1
8501400L_segment0_3sec.wav,1
9750301M_segment0_3sec.wav,1
91013008_segment0_3sec.wav,1
89514005_segment0_3sec.wav,1
79006014_segment0_3sec.wav,1
70006004_segment0_3sec.wav,1
6107200O_segment0_3sec.wav,1
8300601V_segment0_3sec.wav,1
8300604J_segment0_3sec.wav,1
62018002_segment0_3sec.wav,1
8300600D_segment0_3sec.wav,1
6102301I_segment0_3sec.wav,1
7500305Z_segment0_3sec.wav,1
81015002_segment0_3sec.wav,1
9004401Z_segment0_3sec.wav,1
8501400R_segment0_3sec.wav,1
7500304H_segment0_3sec.wav,1
95003003_segment0_3sec.wav,1
7200500V_segment0_3sec.wav,1
7200500M_segment0_3sec.wav,1
64005016_segment0_3sec.wav,1
72005005_segment0_3sec.wav,1
8800601L_segment0_3sec.wav,1
9750300Z_segment0_3sec.wav,1
66002A04_segment0_3sec.wav,1
7500301O_segment0_3sec.wav,1
9400801U_segment0_3sec.wav,1
8300604Q_segment0_3sec.wav,1
6107201X_segment0_3sec.wav,1
6102500I_segment0_3sec.wav,1
7500302U_segment0_3sec.wav,1
8300600A_segment0_3sec.wav,1
6107200T_segment0_3sec.wav,1
8300604O_segment0_3sec.wav,1
7500303Y_segment0_3sec.wav,1
83006047_segment0_3sec.wav,1
5903002G_segment0_3sec.wav,1
75001019_segment0_3sec.wav,1
71004018_segment0_3sec.wav,1
7500304M_segment0_3sec.wav,1
95003006_segment0_3sec.wav,1
9750400J_segment0_3sec.wav,1
75003045_segment0_3sec.wav,2
91005012_segment0_3sec.wav,2
7200703C_segment0_3sec.wav,2
9750301L_segment0_3sec.wav,2
72005001_segment0_3sec.wav,2
6102500M_segment0_3sec.wav,2
87017001_segment0_3sec.wav,2
79006015_segment0_3sec.wav,2
9300100H_segment0_3sec.wav,2
7100401D_segment0_3sec.wav,2
8300600E_segment0_3sec.wav,2
8300604K_segment0_3sec.wav,2
95003002_segment0_3sec.wav,2
7500304I_segment0_3sec.wav,2
5903001Y_segment0_3sec.wav,2
6102300Z_segment0_3sec.wav,2
8501400S_segment0_3sec.wav,2
7200500W_segment0_3sec.wav,2
75003041_segment0_3sec.wav,2
7200500L_segment0_3sec.wav,2
8501400H_segment0_3sec.wav,2
6102300A_segment0_3sec.wav,2
72005004_segment0_3sec.wav,2
7500103V_segment0_3sec.wav,2
64005017_segment0_3sec.wav,2
7500301N_segment0_3sec.wav,2
9101200C_segment0_3sec.wav,2
75003058_segment0_3sec.wav,2
75003016_segment0_3sec.wav,2
9220100D_segment0_3sec.wav,2
72014009_segment0_3sec.wav,2
8300604P_segment0_3sec.wav,2
6107200K_segment0_3sec.wav,2
6102500H_segment0_3sec.wav,2
89514001_segment0_3sec.wav,2
83006008_segment0_3sec.wav,2
7100401A_segment0_3sec.wav,2
75003022_segment0_3sec.wav,2
71004019_segment0_3sec.wav,2
8300601R_segment0_3sec.wav,2
95003007_segment0_3sec.wav,2
7500304L_segment0_3sec.wav,2
9100500Y_segment0_3sec.wav,2
7001300B_segment0_3sec.wav,2
5702100H_segment0_3sec.wav,2
61023015_segment0_3sec.wav,2
75003010_segment0_3sec.wav,3
81014033_segment0_3sec.wav,3
66002A03_segment0_3sec.wav,3
7500301H_segment0_3sec.wav,3
9230400D_segment0_3sec.wav,3
9750301O_segment0_3sec.wav,3
72007038_segment0_3sec.wav,3
8501400N_segment0_3sec.wav,3
7500300Z_segment0_3sec.wav,3
79006016_segment0_3sec.wav,3
8800602Q_segment0_3sec.wav,3
8300601J_segment0_3sec.wav,3
6102500N_segment0_3sec.wav,3
6608400J_segment0_3sec.wav,3
94004004_segment0_3sec.wav,3
6107200M_segment0_3sec.wav,3
61072005_segment0_3sec.wav,3
6102500P_segment0_3sec.wav,3
75003024_segment0_3sec.wav,3
9101000K_segment0_3sec.wav,3
8300600F_segment0_3sec.wav,3
6107200S_segment0_3sec.wav,3
8300604H_segment0_3sec.wav,3
9750301Q_segment0_3sec.wav,3
9004401X_segment0_3sec.wav,3
7500304Q_segment0_3sec.wav,3
72005007_segment0_3sec.wav,3
7800703Q_segment0_3sec.wav,3
7001400Q_segment0_3sec.wav,3
75003015_segment0_3sec.wav,3
7500305C_segment0_3sec.wav,3
7500102G_segment0_3sec.wav,3
6107200H_segment0_3sec.wav,3
6102500K_segment0_3sec.wav,3
84021003_segment0_3sec.wav,3
84021003_segment1_3sec.wav,3
8300604M_segment0_3sec.wav,3
8300600C_segment0_3sec.wav,3
7100401B_segment0_3sec.wav,3
75003047_segment0_3sec.wav,3
75003009_segment0_3sec.wav,3
58014014_segment0_3sec.wav,3
7500304O_segment0_3sec.wav,3
95003004_segment0_3sec.wav,3
57021003_segment1_3sec.wav,3
9004400O_segment0_3sec.wav,3
57021003_segment0_3sec.wav,4
91005010_segment0_3sec.wav,4
61023016_segment0_3sec.wav,4
6107202D_segment0_3sec.wav,4
66002A02_segment0_3sec.wav,4
72007039_segment0_3sec.wav,4
72005003_segment0_3sec.wav,4
7200703A_segment0_3sec.wav,4
79006017_segment0_3sec.wav,4
87017003_segment0_3sec.wav,4
6102500O_segment0_3sec.wav,4
94004005_segment0_3sec.wav,4
61072004_segment0_3sec.wav,4
6102500Q_segment0_3sec.wav,4
8300604I_segment0_3sec.wav,4
62018001_segment0_3sec.wav,4
6107200R_segment0_3sec.wav,4
7500301W_segment0_3sec.wav,4
7500305Y_segment0_3sec.wav,4
6400500D_segment0_3sec.wav,4
7200500U_segment0_3sec.wav,4
75003043_segment0_3sec.wav,4
7001300E_segment0_3sec.wav,4
9004401Y_segment0_3sec.wav,4
6102300X_segment0_3sec.wav,4
7500304K_segment0_3sec.wav,4
8101402F_segment0_3sec.wav,4
64005015_segment0_3sec.wav,4
7500304P_segment0_3sec.wav,4
7200500N_segment0_3sec.wav,4
92304008_segment0_3sec.wav,4
75003014_segment0_3sec.wav,4
8303501L_segment0_3sec.wav,4
8300602T_segment0_3sec.wav,4
8300604R_segment0_3sec.wav,4
9220100F_segment0_3sec.wav,4
6102500J_segment0_3sec.wav,4
7500303Z_segment0_3sec.wav,4
8300600B_segment0_3sec.wav,4
91005039_segment0_3sec.wav,4
8300604L_segment0_3sec.wav,4
7200500P_segment0_3sec.wav,4
95003005_segment0_3sec.wav,4
83006022_segment0_3sec.wav,4
64005009_segment0_3sec.wav,4
91005011_segment0_3sec.wav,4
7500303M_segment0_3sec.wav,5
85005006_segment0_3sec.wav,5
6102500C_segment0_3sec.wav,5
8300601G_segment0_3sec.wav,5
7200500G_segment0_3sec.wav,5
72007035_segment0_3sec.wav,5
61072020_segment0_3sec.wav,5
9004400Y_segment0_3sec.wav,5
9400807Y_segment0_3sec.wav,5
7001400Y_segment0_3sec.wav,5
75003053_segment0_3sec.wav,5
9100500R_segment0_3sec.wav,5
7500304G_segment0_3sec.wav,5
9004401U_segment0_3sec.wav,5
7200500Y_segment0_3sec.wav,5
8300602C_segment0_3sec.wav,5
8501300S_segment0_3sec.wav,5
8303503S_segment0_3sec.wav,5
8300604E_segment0_3sec.wav,5
7500100Y_segment0_3sec.wav,5
83006003_segment0_3sec.wav,5
9101000F_segment0_3sec.wav,5
94008087_segment0_3sec.wav,5
6102500F_segment0_3sec.wav,5
91005029_segment0_3sec.wav,5
9101001O_segment0_3sec.wav,5
9005807N_segment0_3sec.wav,5
6107200E_segment0_3sec.wav,5
75003056_segment0_3sec.wav,5
93570007_segment0_3sec.wav,5
64005019_segment0_3sec.wav,5
5702100F_segment0_3sec.wav,5
8501301D_segment0_3sec.wav,5
95003009_segment0_3sec.wav,5
9500300A_segment0_3sec.wav,5
7500101N_segment0_3sec.wav,5
71004017_segment0_3sec.wav,5
94008082_segment0_3sec.wav,5
9005807P_segment0_3sec.wav,5
7800701J_segment0_3sec.wav,5
97501009_segment0_3sec.wav,5
8300601F_segment0_3sec.wav,5
6102500B_segment0_3sec.wav,5
65030001_segment0_3sec.wav,5
7200500F_segment0_3sec.wav,5
9400802D_segment0_3sec.wav,5
7500300V_segment0_3sec.wav,6
9750300Q_segment0_3sec.wav,6
61072021_segment0_3sec.wav,6
75003052_segment0_3sec.wav,6
7001400X_segment0_3sec.wav,6
9400807X_segment0_3sec.wav,6
7500300H_segment0_3sec.wav,6
9004401T_segment0_3sec.wav,6
7500304F_segment0_3sec.wav,6
9100500S_segment0_3sec.wav,6
97503007_segment0_3sec.wav,6
8300602B_segment0_3sec.wav,6
8300604D_segment0_3sec.wav,6
8303503R_segment0_3sec.wav,6
9101001U_segment0_3sec.wav,6
7500303R_segment0_3sec.wav,6
6102500G_segment0_3sec.wav,6
92201003_segment0_3sec.wav,6
9005807O_segment0_3sec.wav,6
8101403B_segment0_3sec.wav,6
75003019_segment0_3sec.wav,6
93570006_segment0_3sec.wav,6
7200500C_segment0_3sec.wav,6
64005018_segment0_3sec.wav,6
97619015_segment0_3sec.wav,6
6107202R_segment0_3sec.wav,6
9100501D_segment0_3sec.wav,6
95003008_segment0_3sec.wav,6
7500300M_segment0_3sec.wav,6
8501400Y_segment0_3sec.wav,6
75003005_segment0_3sec.wav,6
8300603U_segment0_3sec.wav,6
71010007_segment0_3sec.wav,6
6107201H_segment0_3sec.wav,6
6107200Z_segment0_3sec.wav,6
59030021_segment0_3sec.wav,6
9400400C_segment0_3sec.wav,6
9300100D_segment0_3sec.wav,6
6107201P_segment0_3sec.wav,6
72007037_segment0_3sec.wav,6
9100500N_segment0_3sec.wav,6
91005006_segment0_3sec.wav,6
7200500E_segment0_3sec.wav,6
7500305I_segment0_3sec.wav,6
61072022_segment0_3sec.wav,6
8300603S_segment0_3sec.wav,6
9004401W_segment0_3sec.wav,7
8501301C_segment0_3sec.wav,7
9100503J_segment0_3sec.wav,7
78007015_segment0_3sec.wav,7
8300604G_segment0_3sec.wav,7
8303503Q_segment0_3sec.wav,7
94008085_segment0_3sec.wav,7
6107201N_segment0_3sec.wav,7
6102500D_segment0_3sec.wav,7
6107200G_segment0_3sec.wav,7
71004009_segment0_3sec.wav,7
6107202O_segment0_3sec.wav,7
72005008_segment0_3sec.wav,7
7500300P_segment0_3sec.wav,7
61023005_segment0_3sec.wav,7
9750300I_segment0_3sec.wav,7
78007038_segment0_3sec.wav,7
6102301A_segment0_3sec.wav,7
61023019_segment0_3sec.wav,7
8303500N_segment0_3sec.wav,7
7500103D_segment0_3sec.wav,7
75003060_segment0_3sec.wav,7
90058068_segment0_3sec.wav,7
61072013_segment0_3sec.wav,7
8303503N_segment0_3sec.wav,7
7500303N_segment0_3sec.wav,7
79006018_segment0_3sec.wav,7
7500300T_segment0_3sec.wav,7
70014010_segment0_3sec.wav,7
72007036_segment0_3sec.wav,7
6102300I_segment0_3sec.wav,7
7200500D_segment0_3sec.wav,7
61072023_segment0_3sec.wav,7
7500305H_segment0_3sec.wav,7
75003002_segment0_3sec.wav,7
7200500Z_segment0_3sec.wav,7
8101402I_segment0_3sec.wav,7
9004401V_segment0_3sec.wav,7
79004016_segment0_3sec.wav,7
7500102R_segment0_3sec.wav,7
6102301E_segment0_3sec.wav,7
8303503P_segment0_3sec.wav,7
8300604F_segment0_3sec.wav,7
62026007_segment0_3sec.wav,7
66084010_segment0_3sec.wav,7
6804000Q_segment0_3sec.wav,7
6102500E_segment0_3sec.wav,8
93001008_segment0_3sec.wav,8
6107202N_segment0_3sec.wav,8
75001021_segment0_3sec.wav,8
7500305M_segment0_3sec.wav,8
7500300Q_segment0_3sec.wav,8
83006031_segment0_3sec.wav,8
8300602E_segment0_3sec.wav,8
5702100E_segment0_3sec.wav,8
9004401S_segment0_3sec.wav,8
94008081_segment0_3sec.wav,8
75003061_segment0_3sec.wav,8
9101001R_segment0_3sec.wav,8
90044021_segment0_3sec.wav,8
91005036_segment0_3sec.wav,8
59030023_segment0_3sec.wav,8
71001037_segment0_3sec.wav,8
89514003_segment0_3sec.wav,8
7100101O_segment0_3sec.wav,8
71001033_segment0_3sec.wav,8
7100102G_segment0_3sec.wav,8
71001032_segment0_3sec.wav,8
89514004_segment0_3sec.wav,8
89514002_segment0_3sec.wav,8
61025007_segment0_3sec.wav,8
62022013_segment0_3sec.wav,8
6202200W_segment0_3sec.wav,8
7500402F_segment0_3sec.wav,8
7500402E_segment0_3sec.wav,8
62022017_segment0_3sec.wav,8
9400801R_segment0_3sec.wav,8
6202200F_segment0_3sec.wav,8
62022018_segment0_3sec.wav,8
94008017_segment0_3sec.wav,8
6102601Z_segment0_3sec.wav,8
7500502T_segment0_3sec.wav,8
6102603O_segment0_3sec.wav,8
6102603I_segment0_3sec.wav,8
7500503L_segment0_3sec.wav,8
94008008_segment0_3sec.wav,8
7500403J_segment0_3sec.wav,8
75005039_segment0_3sec.wav,8
9400807U_segment0_3sec.wav,8
6102602W_segment0_3sec.wav,8
75004033_segment0_3sec.wav,8
7500502U_segment0_3sec.wav,8
7500502V_segment0_3sec.wav,9
6202200Z_segment0_3sec.wav,9
75003011_segment0_3sec.wav,9
6102603V_segment0_3sec.wav,9
7501400V_segment0_3sec.wav,9
6503000I_segment0_3sec.wav,9
9400800U_segment0_3sec.wav,9
7101001D_segment0_3sec.wav,9
83035002_segment0_3sec.wav,9
91010019_segment0_3sec.wav,9
6503000H_segment0_3sec.wav,9
5903700M_segment0_3sec.wav,9
7100103A_segment0_3sec.wav,9
91010020_segment0_3sec.wav,9
62022012_segment0_3sec.wav,9
8103800Y_segment0_3sec.wav,9
9400800V_segment0_3sec.wav,9
7703400B_segment0_3sec.wav,9
61026031_segment0_3sec.wav,9
6102602V_segment0_3sec.wav,9
61026004_segment0_3sec.wav,9
6503000F_segment0_3sec.wav,9
9101001M_segment0_3sec.wav,9
7100102O_segment0_3sec.wav,9
85009005_segment0_3sec.wav,9
6503000G_segment0_3sec.wav,9
9101001P_segment0_3sec.wav,9
6102604K_segment0_3sec.wav,9
5903700L_segment0_3sec.wav,9
8103700C_segment0_3sec.wav,9
9400807T_segment0_3sec.wav,9
91010004_segment0_3sec.wav,9
7501400L_segment0_3sec.wav,9
5903700N_segment0_3sec.wav,9
6102602I_segment0_3sec.wav,9
7500402O_segment0_3sec.wav,9
9101001V_segment0_3sec.wav,9
59037001_segment0_3sec.wav,9
9400801H_segment0_3sec.wav,9
9400801I_segment0_3sec.wav,9
7703400L_segment0_3sec.wav,9
83006001_segment0_3sec.wav,9
91010010_segment0_3sec.wav,9
84014001_segment0_3sec.wav,9
83035001_segment0_3sec.wav,9
7501400W_segment0_3sec.wav,9
7501400T_segment0_3sec.wav,10
75014003_segment0_3sec.wav,10
75003042_segment0_3sec.wav,10
5903700Q_segment0_3sec.wav,10
83006002_segment0_3sec.wav,10
6102601Y_segment0_3sec.wav,10
94008011_segment0_3sec.wav,10
8303503O_segment0_3sec.wav,10
94008010_segment0_3sec.wav,10
77034009_segment0_3sec.wav,10
61026020_segment0_3sec.wav,10
7501400B_segment0_3sec.wav,10
75014009_segment0_3sec.wav,10
7501400M_segment0_3sec.wav,10
75014001_segment0_3sec.wav,10
7100103C_segment0_3sec.wav,10
9101001S_segment0_3sec.wav,10
9101001X_segment0_3sec.wav,10
6102604L_segment0_3sec.wav,10
6700900K_segment0_3sec.wav,10
6102603W_segment0_3sec.wav,10
7500502R_segment0_3sec.wav,10
94008006_segment0_3sec.wav,10
8103700V_segment0_3sec.wav,10
7100801E_segment0_3sec.wav,10
75014012_segment0_3sec.wav,10
7501400F_segment0_3sec.wav,10
75014011_segment0_3sec.wav,10
75014015_segment0_3sec.wav,10
7501400A_segment0_3sec.wav,10
7501400O_segment0_3sec.wav,10
83035007_segment0_3sec.wav,10
6700900F_segment0_3sec.wav,10
6700900E_segment0_3sec.wav,10
64104003_segment0_3sec.wav,10
64104002_segment0_3sec.wav,10
6102603X_segment0_3sec.wav,10
77034006_segment0_3sec.wav,10
6102603A_segment0_3sec.wav,10
64103001_segment0_3sec.wav,10
64103002_segment0_3sec.wav,10
64103003_segment0_3sec.wav,10
64104001_segment0_3sec.wav,10
67009008_segment0_3sec.wav,10
71004004_segment0_3sec.wav,10
7100801H_segment0_3sec.wav,10
9400807P_segment0_3sec.wav,11
6700900J_segment0_3sec.wav,11
7100801N_segment0_3sec.wav,11
7100102S_segment0_3sec.wav,11
6700900A_segment0_3sec.wav,11
75014014_segment0_3sec.wav,11
7501400S_segment0_3sec.wav,11
7501400U_segment0_3sec.wav,11
7501400K_segment0_3sec.wav,11
75005031_segment0_3sec.wav,11
7703400J_segment0_3sec.wav,11
91012037_segment0_3sec.wav,11
67009006_segment0_3sec.wav,11
7703400P_segment0_3sec.wav,11
7100801M_segment0_3sec.wav,11
77028018_segment0_3sec.wav,11
6700900M_segment0_3sec.wav,11
59037005_segment0_3sec.wav,11
83035003_segment0_3sec.wav,11
7501400Y_segment0_3sec.wav,11
7501400C_segment0_3sec.wav,11
75014010_segment0_3sec.wav,11
7501400R_segment0_3sec.wav,11
7501400I_segment0_3sec.wav,11
7501400Q_segment0_3sec.wav,11
7501400J_segment0_3sec.wav,11
75014006_segment0_3sec.wav,11
7100103B_segment0_3sec.wav,11
71001039_segment0_3sec.wav,11
6700900P_segment0_3sec.wav,11
77034002_segment0_3sec.wav,11
7703400A_segment0_3sec.wav,11
7100801O_segment0_3sec.wav,11
7500502S_segment0_3sec.wav,11
7100800L_segment0_3sec.wav,11
7501400Z_segment0_3sec.wav,11
75014007_segment0_3sec.wav,11
75014002_segment0_3sec.wav,11
6700900D_segment0_3sec.wav,11
91010024_segment0_3sec.wav,11
8103700B_segment0_3sec.wav,11
75014005_segment0_3sec.wav,11
7100300M_segment0_3sec.wav,11
6700900G_segment0_3sec.wav,11
5903700J_segment0_3sec.wav,11
7001800B_segment0_3sec.wav,11
8103700E_segment0_3sec.wav,12
75014016_segment0_3sec.wav,12
7501400G_segment0_3sec.wav,12
5903700F_segment0_3sec.wav,12
8103700P_segment0_3sec.wav,12
62022016_segment0_3sec.wav,12
71008008_segment0_3sec.wav,12
7100300B_segment0_3sec.wav,12
71001034_segment0_3sec.wav,12
9400800W_segment0_3sec.wav,12
62022014_segment0_3sec.wav,12
67009002_segment0_3sec.wav,12
71008009_segment0_3sec.wav,12
7100801J_segment0_3sec.wav,12
6102602T_segment0_3sec.wav,12
81037001_segment0_3sec.wav,12
59037006_segment0_3sec.wav,12
6102602U_segment0_3sec.wav,12
7500502Q_segment0_3sec.wav,12
7100700O_segment0_3sec.wav,12
81037008_segment0_3sec.wav,12
8103700F_segment0_3sec.wav,12
84014003_segment0_3sec.wav,12
7501400X_segment0_3sec.wav,12
7501400N_segment0_3sec.wav,12
71003007_segment0_3sec.wav,12
7500502W_segment0_3sec.wav,12
87003005_segment0_3sec.wav,12
85009009_segment0_3sec.wav,12
67009001_segment0_3sec.wav,12
7001800U_segment0_3sec.wav,12
7100300I_segment0_3sec.wav,12
7702801D_segment0_3sec.wav,12
6700900N_segment0_3sec.wav,12
7500402I_segment0_3sec.wav,12
77028010_segment0_3sec.wav,12
66002A05_segment0_3sec.wav,12
77028009_segment0_3sec.wav,12
7702800V_segment0_3sec.wav,12
7900200L_segment0_3sec.wav,12
8500900A_segment0_3sec.wav,12
85009007_segment0_3sec.wav,12
7001800H_segment0_3sec.wav,12
8300604C_segment0_3sec.wav,12
6700900R_segment0_3sec.wav,12
61026002_segment0_3sec.wav,12
6700900B_segment0_3sec.wav,13
67009005_segment0_3sec.wav,13
7703400Q_segment0_3sec.wav,13
91012040_segment0_3sec.wav,13
8103700G_segment0_3sec.wav,13
64104005_segment0_3sec.wav,13
87003006_segment0_3sec.wav,13
7100901A_segment0_3sec.wav,13
61025009_segment0_3sec.wav,13
61025004_segment0_3sec.wav,13
61025006_segment0_3sec.wav,13
7100401C_segment0_3sec.wav,13
6202200P_segment0_3sec.wav,13
7703400R_segment0_3sec.wav,13
77034008_segment0_3sec.wav,13
85009008_segment0_3sec.wav,13
7500401F_segment0_3sec.wav,13
6202600B_segment0_3sec.wav,13
7703400D_segment0_3sec.wav,13
6202600C_segment0_3sec.wav,13
62026001_segment0_3sec.wav,13
6202600D_segment0_3sec.wav,13
6700900T_segment0_3sec.wav,13
7703400O_segment0_3sec.wav,13
67010007_segment0_3sec.wav,13
67010004_segment0_3sec.wav,13
67010009_segment0_3sec.wav,13
6701000E_segment0_3sec.wav,13
67009004_segment0_3sec.wav,13
7703400M_segment0_3sec.wav,13
91010014_segment0_3sec.wav,13
83019001_segment0_3sec.wav,13
6701000H_segment0_3sec.wav,13
7101001E_segment0_3sec.wav,13
7702801M_segment0_3sec.wav,13
85013007_segment0_3sec.wav,13
6701000A_segment0_3sec.wav,13
94006004_segment0_3sec.wav,13
7702800X_segment0_3sec.wav,13
7703400S_segment0_3sec.wav,13
67010003_segment0_3sec.wav,13
7702801L_segment0_3sec.wav,13
8501300A_segment0_3sec.wav,13
8501400Q_segment0_3sec.wav,13
71008002_segment0_3sec.wav,13
94006003_segment0_3sec.wav,13
7703400H_segment0_3sec.wav,14
62031001_segment0_3sec.wav,14
9101001Y_segment0_3sec.wav,14
85013002_segment0_3sec.wav,14
67010005_segment0_3sec.wav,14
9101202U_segment0_3sec.wav,14
8500701J_segment0_3sec.wav,14
63015003_segment0_3sec.wav,14
9101204D_segment0_3sec.wav,14
83006009_segment0_3sec.wav,14
8500701F_segment0_3sec.wav,14
9101203I_segment0_3sec.wav,14
8500701B_segment0_3sec.wav,14
9101000S_segment0_3sec.wav,14
8501400B_segment0_3sec.wav,14
8501301H_segment0_3sec.wav,14
8501300N_segment0_3sec.wav,14
8501400T_segment0_3sec.wav,14
8501400V_segment0_3sec.wav,14
8501300P_segment0_3sec.wav,14
85013009_segment0_3sec.wav,14
8501300X_segment0_3sec.wav,14
8501300R_segment0_3sec.wav,14
8501300M_segment0_3sec.wav,14
8501300E_segment0_3sec.wav,14
8501300H_segment0_3sec.wav,14
85013011_segment0_3sec.wav,14
75004025_segment0_3sec.wav,14
7500403A_segment0_3sec.wav,14
60026005_segment0_3sec.wav,14
60026006_segment0_3sec.wav,14
8501400M_segment0_3sec.wav,14
85013010_segment0_3sec.wav,14
8501300L_segment0_3sec.wav,14
60026001_segment0_3sec.wav,14
7100300G_segment0_3sec.wav,14
7100300E_segment0_3sec.wav,14
71003002_segment0_3sec.wav,14
7100300O_segment0_3sec.wav,14
7100300K_segment0_3sec.wav,14
7100300U_segment0_3sec.wav,14
91012022_segment0_3sec.wav,14
64103008_segment0_3sec.wav,14
72009005_segment0_3sec.wav,14
72009006_segment0_3sec.wav,14
68002007_segment0_3sec.wav,14
68002006_segment0_3sec.wav,15
70025003_segment0_3sec.wav,15
68002008_segment0_3sec.wav,15
72009003_segment0_3sec.wav,15
6800200A_segment0_3sec.wav,15
72009002_segment0_3sec.wav,15
7100300W_segment0_3sec.wav,15
6800200B_segment0_3sec.wav,15
72009004_segment0_3sec.wav,15
70025004_segment0_3sec.wav,15
6800200G_segment0_3sec.wav,15
83035006_segment0_3sec.wav,15
64103004_segment0_3sec.wav,15
64103006_segment0_3sec.wav,15
5601601O_segment0_3sec.wav,15
74003004_segment0_3sec.wav,15
74003001_segment0_3sec.wav,15
74003002_segment0_3sec.wav,15
7101001F_segment0_3sec.wav,15
7100800D_segment0_3sec.wav,15
5903700S_segment0_3sec.wav,15
7100801F_segment0_3sec.wav,15
7100801I_segment0_3sec.wav,15
64103009_segment0_3sec.wav,15
7900200U_segment0_3sec.wav,15
7100300C_segment0_3sec.wav,15
7100300D_segment0_3sec.wav,15
7100300H_segment0_3sec.wav,15
7100300V_segment0_3sec.wav,15
7100300L_segment0_3sec.wav,15
7100300J_segment0_3sec.wav,15
7100300N_segment0_3sec.wav,15
71003008_segment0_3sec.wav,15
7100300A_segment0_3sec.wav,15
71003009_segment0_3sec.wav,15
71003005_segment0_3sec.wav,15
71003004_segment0_3sec.wav,15
7100300Q_segment0_3sec.wav,15
71003003_segment0_3sec.wav,15
71003006_segment0_3sec.wav,15
7100300P_segment0_3sec.wav,15
71001025_segment0_3sec.wav,15
5602500N_segment0_3sec.wav,15
59037016_segment0_3sec.wav,15
5903700Y_segment0_3sec.wav,15
91012045_segment0_3sec.wav,15
56025009_segment0_3sec.wav,16
63019001_segment0_3sec.wav,16
56026007_segment0_3sec.wav,16
5601700B_segment0_3sec.wav,16
6301900D_segment0_3sec.wav,16
56025001_segment0_3sec.wav,16
5601700O_segment0_3sec.wav,16
56028001_segment0_3sec.wav,16
7100100N_segment0_3sec.wav,16
7100101V_segment0_3sec.wav,16
71001030_segment0_3sec.wav,16
9101001W_segment0_3sec.wav,16
94006005_segment0_3sec.wav,16
7100102Z_segment0_3sec.wav,16
7100100C_segment0_3sec.wav,16
8501400P_segment0_3sec.wav,16
8501300K_segment0_3sec.wav,16
85013015_segment0_3sec.wav,16
5900300J_segment0_3sec.wav,16
5900300N_segment0_3sec.wav,16
85014001_segment0_3sec.wav,16
5900300G_segment0_3sec.wav,16
5900300M_segment0_3sec.wav,16
9101203J_segment0_3sec.wav,16
5900300O_segment0_3sec.wav,16
5900300B_segment0_3sec.wav,16
5900300A_segment0_3sec.wav,16
71001031_segment0_3sec.wav,16
7703400K_segment0_3sec.wav,16
7100101I_segment0_3sec.wav,16
85014003_segment0_3sec.wav,16
6002600A_segment0_3sec.wav,16
6002600B_segment0_3sec.wav,16
8501300I_segment0_3sec.wav,16
8501300J_segment0_3sec.wav,16
91012047_segment0_3sec.wav,16
8501301J_segment0_3sec.wav,16
8501400F_segment0_3sec.wav,16
85013014_segment0_3sec.wav,16
8501300D_segment0_3sec.wav,16
71001024_segment0_3sec.wav,16
8501301A_segment0_3sec.wav,16
7500403N_segment0_3sec.wav,16
8501300T_segment0_3sec.wav,16
91012026_segment0_3sec.wav,16
71001035_segment0_3sec.wav,16
7100101R_segment0_3sec.wav,17
71001010_segment0_3sec.wav,17
85014007_segment0_3sec.wav,17
85014005_segment0_3sec.wav,17
71001014_segment0_3sec.wav,17
71001022_segment0_3sec.wav,17
8300200A_segment0_3sec.wav,17
7100101K_segment0_3sec.wav,17
83002002_segment0_3sec.wav,17
71001036_segment0_3sec.wav,17
6410300A_segment0_3sec.wav,17
7100101M_segment0_3sec.wav,17
83002009_segment0_3sec.wav,17
7100101X_segment0_3sec.wav,17
7100101B_segment0_3sec.wav,17
7100101A_segment0_3sec.wav,17
7100101J_segment0_3sec.wav,17
8501400U_segment0_3sec.wav,17
9101200I_segment0_3sec.wav,17
8501300Y_segment0_3sec.wav,17
91012009_segment0_3sec.wav,17
9101203U_segment0_3sec.wav,17
64103007_segment0_3sec.wav,17
79002004_segment0_3sec.wav,17
91012046_segment0_3sec.wav,17
7900200R_segment0_3sec.wav,17
91012024_segment0_3sec.wav,17
64103005_segment0_3sec.wav,17
9101201F_segment0_3sec.wav,17
71001038_segment0_3sec.wav,17
91012039_segment0_3sec.wav,17
89514018_segment0_3sec.wav,17
89514017_segment0_3sec.wav,17
9101202C_segment0_3sec.wav,17
64104004_segment0_3sec.wav,17
6410300B_segment0_3sec.wav,17
91012007_segment0_3sec.wav,17
5602600A_segment0_3sec.wav,17
79002007_segment0_3sec.wav,17
64104006_segment0_3sec.wav,17
9400807S_segment0_3sec.wav,17
91012018_segment0_3sec.wav,17
91012041_segment0_3sec.wav,17
7900200Q_segment0_3sec.wav,17
7100102W_segment0_3sec.wav,17
9101201T_segment0_3sec.wav,17
9101203X_segment0_3sec.wav,18
9101201I_segment0_3sec.wav,18
9101203D_segment0_3sec.wav,18
9101201Z_segment0_3sec.wav,18
85013019_segment0_3sec.wav,18
91012042_segment0_3sec.wav,18
8501301F_segment0_3sec.wav,18
91012016_segment0_3sec.wav,18
8501400G_segment0_3sec.wav,18
9101200B_segment0_3sec.wav,18
56018001_segment0_3sec.wav,18
7702801K_segment0_3sec.wav,18
56018004_segment0_3sec.wav,18
77028017_segment0_3sec.wav,18
8500701K_segment0_3sec.wav,18
7900200X_segment0_3sec.wav,18
8500701L_segment0_3sec.wav,18
9101204A_segment0_3sec.wav,18
8500701E_segment0_3sec.wav,18
8500701G_segment0_3sec.wav,18
9101200K_segment0_3sec.wav,18
8500900J_segment0_3sec.wav,18
63019004_segment0_3sec.wav,18
59029002_segment0_3sec.wav,18
8500701C_segment0_3sec.wav,18
85009003_segment0_3sec.wav,18
91012003_segment0_3sec.wav,18
6102603F_segment0_3sec.wav,18
6102602J_segment0_3sec.wav,18
61026021_segment0_3sec.wav,18
6102604J_segment0_3sec.wav,18
8500900T_segment0_3sec.wav,18
72014008_segment0_3sec.wav,18
72019007_segment0_3sec.wav,18
72019005_segment0_3sec.wav,18
6102603Z_segment0_3sec.wav,18
61026036_segment0_3sec.wav,18
65033007_segment0_3sec.wav,18
6503300C_segment0_3sec.wav,18
67010006_segment0_3sec.wav,18
65033004_segment0_3sec.wav,18
6503300H_segment0_3sec.wav,18
6102603E_segment0_3sec.wav,18
59037012_segment0_3sec.wav,18
71012003_segment0_3sec.wav,18
72014005_segment0_3sec.wav,18
72014002_segment0_3sec.wav,19
72014004_segment0_3sec.wav,19
6102600G_segment0_3sec.wav,19
6102603C_segment0_3sec.wav,19
72014003_segment0_3sec.wav,19
6102600F_segment0_3sec.wav,19
6503300J_segment0_3sec.wav,19
6503300D_segment0_3sec.wav,19
6102603S_segment0_3sec.wav,19
72014001_segment0_3sec.wav,19
6503300K_segment0_3sec.wav,19
61026001_segment0_3sec.wav,19
6102602K_segment0_3sec.wav,19
6102603L_segment0_3sec.wav,19
65033002_segment0_3sec.wav,19
65033003_segment0_3sec.wav,19
72014007_segment0_3sec.wav,19
9101200U_segment0_3sec.wav,19
9101203N_segment0_3sec.wav,19
9101203S_segment0_3sec.wav,19
91012006_segment0_3sec.wav,19
7100100Z_segment0_3sec.wav,19
7100100X_segment0_3sec.wav,19
56018003_segment0_3sec.wav,19
9101202B_segment0_3sec.wav,19
9101201C_segment0_3sec.wav,19
91012043_segment0_3sec.wav,19
7900200Y_segment0_3sec.wav,19
7900200Z_segment0_3sec.wav,19
79002010_segment0_3sec.wav,19
79002013_segment0_3sec.wav,19
9101203V_segment0_3sec.wav,19
7900200V_segment0_3sec.wav,19
5601700U_segment0_3sec.wav,19
63019005_segment0_3sec.wav,19
9400807Q_segment0_3sec.wav,19
9400807R_segment0_3sec.wav,19
91012044_segment0_3sec.wav,19
7801800D_segment0_3sec.wav,19
7801800B_segment0_3sec.wav,19
56017008_segment0_3sec.wav,19
56025006_segment0_3sec.wav,19
88006007_segment0_3sec.wav,19
71012001_segment0_3sec.wav,19
8300200B_segment0_3sec.wav,19
83002001_segment0_3sec.wav,19
63019002_segment0_3sec.wav,20
83002004_segment0_3sec.wav,20
8300200C_segment0_3sec.wav,20
79002012_segment0_3sec.wav,20
8500701I_segment0_3sec.wav,20
79002011_segment0_3sec.wav,20
87017004_segment0_3sec.wav,20
8500701A_segment0_3sec.wav,20
63019003_segment0_3sec.wav,20
81013007_segment0_3sec.wav,20
58014015_segment0_3sec.wav,20
5801400J_segment0_3sec.wav,20
58014028_segment0_3sec.wav,20
56017010_segment0_3sec.wav,20
5801402C_segment0_3sec.wav,20
67010002_segment0_3sec.wav,20
58014034_segment0_3sec.wav,20
59005002_segment0_3sec.wav,20
58014036_segment0_3sec.wav,20
5801403R_segment0_3sec.wav,20
5801403O_segment0_3sec.wav,20
56017018_segment0_3sec.wav,20
59005004_segment0_3sec.wav,20
5801404D_segment0_3sec.wav,20
59004002_segment0_3sec.wav,20
59004005_segment0_3sec.wav,20
59003001_segment0_3sec.wav,20
8800601Y_segment0_3sec.wav,20
8800601U_segment0_3sec.wav,20
88006001_segment0_3sec.wav,20
67009009_segment0_3sec.wav,20
72014006_segment0_3sec.wav,20
66084004_segment0_3sec.wav,20
8500701H_segment0_3sec.wav,20
8300600N_segment0_3sec.wav,20
8300604A_segment0_3sec.wav,20
8300604N_segment0_3sec.wav,20
6202600A_segment0_3sec.wav,20
70025009_segment0_3sec.wav,20
9101202R_segment0_3sec.wav,20
85009011_segment0_3sec.wav,20
66084007_segment0_3sec.wav,20
8500900U_segment0_3sec.wav,20
6700900W_segment0_3sec.wav,20
6608400A_segment0_3sec.wav,20
7202100Q_segment0_3sec.wav,20
85004003_segment0_3sec.wav,21
70006003_segment0_3sec.wav,21
91010022_segment0_3sec.wav,21
7202100V_segment0_3sec.wav,21
5601700V_segment0_3sec.wav,21
7900200K_segment0_3sec.wav,21
6700900U_segment0_3sec.wav,21
63019007_segment0_3sec.wav,21
8500900M_segment0_3sec.wav,21
71012007_segment0_3sec.wav,21
85005002_segment0_3sec.wav,21
85004001_segment0_3sec.wav,21
8500900R_segment0_3sec.wav,21
6608400D_segment0_3sec.wav,21
9101201L_segment0_3sec.wav,21
85004007_segment0_3sec.wav,21
85004002_segment0_3sec.wav,21
85004006_segment0_3sec.wav,21
8500900S_segment0_3sec.wav,21
66084009_segment0_3sec.wav,21
71012005_segment0_3sec.wav,21
85004005_segment0_3sec.wav,21
6608400P_segment0_3sec.wav,21
9100503P_segment0_3sec.wav,21
9100503O_segment0_3sec.wav,21
85005005_segment0_3sec.wav,21
85004004_segment0_3sec.wav,21
85005004_segment0_3sec.wav,21
71012009_segment0_3sec.wav,21
70025008_segment0_3sec.wav,21
71012006_segment0_3sec.wav,21
6608400F_segment0_3sec.wav,21
71012002_segment0_3sec.wav,21
6608500E_segment0_3sec.wav,21
6608500F_segment0_3sec.wav,21
6608500N_segment0_3sec.wav,21
6608400B_segment0_3sec.wav,21
6608500K_segment0_3sec.wav,21
71012008_segment0_3sec.wav,21
71012004_segment0_3sec.wav,21
66084006_segment0_3sec.wav,21
6608400E_segment0_3sec.wav,21
87017002_segment0_3sec.wav,21
7900200S_segment0_3sec.wav,21
72019003_segment0_3sec.wav,21
9101202T_segment0_3sec.wav,21
9101204C_segment0_3sec.wav,22
85005003_segment0_3sec.wav,22
70005002_segment0_3sec.wav,22
91010021_segment0_3sec.wav,22
6301900T_segment0_3sec.wav,22
8101403Z_segment0_3sec.wav,22
81014040_segment0_3sec.wav,22
63015005_segment0_3sec.wav,22
5601700F_segment0_3sec.wav,22
70025002_segment0_3sec.wav,22
79006019_segment0_3sec.wav,22
6608500H_segment0_3sec.wav,22
6608500G_segment0_3sec.wav,22
6608500A_segment0_3sec.wav,22
7900200W_segment0_3sec.wav,22
7001800T_segment0_3sec.wav,22
67010001_segment0_3sec.wav,22
70025005_segment0_3sec.wav,22
70014002_segment0_3sec.wav,22
91012048_segment0_3sec.wav,22
7202100T_segment0_3sec.wav,22
67009007_segment0_3sec.wav,22
91012049_segment0_3sec.wav,22
70025007_segment0_3sec.wav,22
71008001_segment0_3sec.wav,22
6701000C_segment0_3sec.wav,22
6701000B_segment0_3sec.wav,22
6701000F_segment0_3sec.wav,22
6701000G_segment0_3sec.wav,22
9101202S_segment0_3sec.wav,22
8002001M_segment0_3sec.wav,22
64020003_segment0_3sec.wav,22
70025001_segment0_3sec.wav,22
7202100Z_segment0_3sec.wav,22
67010008_segment0_3sec.wav,22
59029007_segment0_3sec.wav,22
5902900J_segment0_3sec.wav,22
59030026_segment0_3sec.wav,22
59030035_segment0_3sec.wav,22
5902900A_segment0_3sec.wav,22
5902900W_segment0_3sec.wav,22
5902900U_segment0_3sec.wav,22
6701000D_segment0_3sec.wav,22
5902900M_segment0_3sec.wav,22
60026003_segment0_3sec.wav,22
5600600D_segment0_3sec.wav,22
5902900Z_segment0_3sec.wav,23
70025006_segment0_3sec.wav,23
59030032_segment0_3sec.wav,23
5902900S_segment0_3sec.wav,23
6608500S_segment0_3sec.wav,23
5902900R_segment0_3sec.wav,23
59029014_segment0_3sec.wav,23
59029017_segment0_3sec.wav,23
56006006_segment0_3sec.wav,23
60026002_segment0_3sec.wav,23
9101300Y_segment0_3sec.wav,23
57021008_segment0_3sec.wav,23
5702100A_segment0_3sec.wav,23
57021009_segment0_3sec.wav,23
5600600E_segment0_3sec.wav,23
9101201E_segment0_3sec.wav,23
56006002_segment0_3sec.wav,23
75014017_segment0_3sec.wav,23
5600600A_segment0_3sec.wav,23
56006004_segment0_3sec.wav,23
58011009_segment0_3sec.wav,23
56006005_segment0_3sec.wav,23
56006003_segment0_3sec.wav,23
5902900Y_segment0_3sec.wav,23
58011011_segment0_3sec.wav,23
9769201Q_segment0_3sec.wav,23
7500400U_segment0_3sec.wav,23
59029010_segment0_3sec.wav,23
64020001_segment0_3sec.wav,23
9100501T_segment0_3sec.wav,23
58011004_segment0_3sec.wav,23
5801100S_segment0_3sec.wav,23
8103700U_segment0_3sec.wav,23
58011007_segment0_3sec.wav,23
58011002_segment0_3sec.wav,23
5801100G_segment0_3sec.wav,23
5801100R_segment0_3sec.wav,23
5801100N_segment0_3sec.wav,23
5801100I_segment0_3sec.wav,23
5801100Y_segment0_3sec.wav,23
81037007_segment0_3sec.wav,23
5801100A_segment0_3sec.wav,23
5801101N_segment0_3sec.wav,23
5801101M_segment0_3sec.wav,23
5801100X_segment0_3sec.wav,23
5702100I_segment0_3sec.wav,23
5702100C_segment0_3sec.wav,24
60026004_segment0_3sec.wav,24
7500502J_segment0_3sec.wav,24
7001400T_segment0_3sec.wav,24
5702100G_segment0_3sec.wav,24
81037011_segment0_3sec.wav,24
8103700A_segment0_3sec.wav,24
6102300C_segment0_3sec.wav,24
91010023_segment0_3sec.wav,24
9100501V_segment0_3sec.wav,24
57021007_segment0_3sec.wav,24
6102300P_segment0_3sec.wav,24
9100502F_segment0_3sec.wav,24
8103700H_segment0_3sec.wav,24
5702100B_segment0_3sec.wav,24
8103700L_segment0_3sec.wav,24
6102300S_segment0_3sec.wav,24
6102300H_segment0_3sec.wav,24
6102300R_segment0_3sec.wav,24
6102300F_segment0_3sec.wav,24
6102300D_segment0_3sec.wav,24
6102300J_segment0_3sec.wav,24
6102301J_segment0_3sec.wav,24
6102300U_segment0_3sec.wav,24
5801101I_segment0_3sec.wav,24
61023008_segment0_3sec.wav,24
6102300V_segment0_3sec.wav,24
5702100D_segment0_3sec.wav,24
61023010_segment0_3sec.wav,24
91013014_segment0_3sec.wav,24
9100501S_segment0_3sec.wav,24
77028008_segment0_3sec.wav,24
77028015_segment0_3sec.wav,24
7702801F_segment0_3sec.wav,24
7702800U_segment0_3sec.wav,24
9100501W_segment0_3sec.wav,24
91005020_segment0_3sec.wav,24
6102101N_segment0_3sec.wav,24
9101202E_segment0_3sec.wav,24
61021019_segment0_3sec.wav,24
9101202G_segment0_3sec.wav,24
7500303Q_segment0_3sec.wav,24
6102301D_segment0_3sec.wav,24
5903001Z_segment0_3sec.wav,24
6102100P_segment0_3sec.wav,24
91013002_segment0_3sec.wav,24
6102100T_segment0_3sec.wav,25
91013003_segment0_3sec.wav,25
6102301B_segment0_3sec.wav,25
9100503E_segment0_3sec.wav,25
91005014_segment0_3sec.wav,25
91013001_segment0_3sec.wav,25
9100501K_segment0_3sec.wav,25
5600600B_segment0_3sec.wav,25
61023009_segment0_3sec.wav,25
95003001_segment0_3sec.wav,25
5801100C_segment0_3sec.wav,25
6102300W_segment0_3sec.wav,25
61023006_segment0_3sec.wav,25
6102101U_segment0_3sec.wav,25
85014006_segment0_3sec.wav,25
6102101T_segment0_3sec.wav,25
5801100T_segment0_3sec.wav,25
61021012_segment0_3sec.wav,25
91013004_segment0_3sec.wav,25
59029016_segment0_3sec.wav,25
89514011_segment0_3sec.wav,25
5801100E_segment0_3sec.wav,25
51041C01_segment0_3sec.wav,25
6102100Q_segment0_3sec.wav,25
6102100X_segment0_3sec.wav,25
61021011_segment0_3sec.wav,25
6102100Y_segment0_3sec.wav,25
6102100W_segment0_3sec.wav,25
5801100P_segment0_3sec.wav,25
56006001_segment0_3sec.wav,25
7500304N_segment0_3sec.wav,25
5801100Q_segment0_3sec.wav,25
5903002D_segment0_3sec.wav,25
70014011_segment0_3sec.wav,25
7001400Z_segment0_3sec.wav,25
89514010_segment0_3sec.wav,25
89514012_segment0_3sec.wav,25
5801100M_segment0_3sec.wav,25
7001300G_segment0_3sec.wav,25
5801101J_segment0_3sec.wav,25
91013005_segment0_3sec.wav,25
89514013_segment0_3sec.wav,25
5903000W_segment0_3sec.wav,25
5903000Z_segment0_3sec.wav,25
58011008_segment0_3sec.wav,25
59030034_segment0_3sec.wav,25
9101300F_segment0_3sec.wav,26
7100401E_segment0_3sec.wav,26
59030029_segment0_3sec.wav,26
7100801K_segment0_3sec.wav,26
59030033_segment0_3sec.wav,26
89514014_segment0_3sec.wav,26
7100801G_segment0_3sec.wav,26
9100502M_segment0_3sec.wav,26
9101300A_segment0_3sec.wav,26
7100700C_segment0_3sec.wav,26
75003057_segment0_3sec.wav,26
58011012_segment0_3sec.wav,26
7100801L_segment0_3sec.wav,26
9101301G_segment0_3sec.wav,26
5903002T_segment0_3sec.wav,26
9100800B_segment0_3sec.wav,26
5801101L_segment0_3sec.wav,26
91008008_segment0_3sec.wav,26
9100800C_segment0_3sec.wav,26
91008005_segment0_3sec.wav,26
91008009_segment0_3sec.wav,26
9101300E_segment0_3sec.wav,26
89514015_segment0_3sec.wav,26
7100800Z_segment0_3sec.wav,26
9100800D_segment0_3sec.wav,26
9100800A_segment0_3sec.wav,26
9101001T_segment0_3sec.wav,26
9101001Q_segment0_3sec.wav,26
7100401I_segment0_3sec.wav,26
7100401H_segment0_3sec.wav,26
59030036_segment0_3sec.wav,26
8300601K_segment0_3sec.wav,26
5903002U_segment0_3sec.wav,26
5903002Q_segment0_3sec.wav,26
5903002S_segment0_3sec.wav,26
5801100V_segment0_3sec.wav,26
70014014_segment0_3sec.wav,26
5903002N_segment0_3sec.wav,26
91013016_segment0_3sec.wav,26
7101001C_segment0_3sec.wav,26
7101001G_segment0_3sec.wav,26
5801101K_segment0_3sec.wav,26
9101301D_segment0_3sec.wav,26
7100401G_segment0_3sec.wav,26
9101301H_segment0_3sec.wav,26
9101301I_segment0_3sec.wav,26
9101001Z_segment0_3sec.wav,27
9101301F_segment0_3sec.wav,27
9101301E_segment0_3sec.wav,27
5801100Z_segment0_3sec.wav,27
5801100U_segment0_3sec.wav,27
9101301C_segment0_3sec.wav,27
7500102I_segment0_3sec.wav,27
79004007_segment0_3sec.wav,27
71004015_segment0_3sec.wav,27
7100401F_segment0_3sec.wav,27
9101301B_segment0_3sec.wav,27
9101301A_segment0_3sec.wav,27
61023018_segment0_3sec.wav,27
8700400E_segment0_3sec.wav,27
8500900I_segment0_3sec.wav,27
8500900Q_segment0_3sec.wav,27
8500900P_segment0_3sec.wav,27
8500900N_segment0_3sec.wav,27
8500900O_segment0_3sec.wav,27
8500900L_segment0_3sec.wav,27
6102101A_segment0_3sec.wav,27
6102101B_segment0_3sec.wav,27
6102101C_segment0_3sec.wav,27
6102101F_segment0_3sec.wav,27
6800200D_segment0_3sec.wav,27
7100300S_segment0_3sec.wav,27
7100300T_segment0_3sec.wav,27
90028008_segment0_3sec.wav,27
90028009_segment0_3sec.wav,27
9002800A_segment0_3sec.wav,27
90028007_segment0_3sec.wav,27
6800200C_segment0_3sec.wav,27
9002800F_segment0_3sec.wav,27
6800200E_segment0_3sec.wav,27
6800200F_segment0_3sec.wav,27
